INSERT INTO City (IdCity,Name,Npa) VALUES(1,'Sion','1950')
INSERT INTO City (IdCity,Name,Npa) VALUES(2,'Sierre','3960')
INSERT INTO City (IdCity,Name,Npa) VALUES(3,'Martigny','1921')
INSERT INTO City (IdCity,Name,Npa) VALUES(4,'Fully','1926')
INSERT INTO City (IdCity,Name,Npa) VALUES(5,'Savièse','1965')
INSERT INTO City (IdCity,Name,Npa) VALUES(6,'Ardon','1957')
INSERT INTO Staff (IdStaff,Firstname,Lastname,Birthdate,Username,Password,Address,IdCity) VALUES(1,'Florian','Hedman',33108,'florian.hedman','dfasd987','Rue du château 8',1)
INSERT INTO Staff (IdStaff,Firstname,Lastname,Birthdate,Username,Password,Address,IdCity) VALUES(2,'David','Crittin',32531,'david.crittin','dsaf9780','Rue des invalides 90',1)
INSERT INTO Staff (IdStaff,Firstname,Lastname,Birthdate,Username,Password,Address,IdCity) VALUES(3,'Sylvain','Meyer',34227,'sylvain.meyer','dsaf64ds','Rue de la fontaine 78',2)
INSERT INTO Staff (IdStaff,Firstname,Lastname,Birthdate,Username,Password,Address,IdCity) VALUES(4,'Robin','Gallay',35269,'robin.gallay','dfsad6546','Rue du Pont 1',3)
INSERT INTO Staff (IdStaff,Firstname,Lastname,Birthdate,Username,Password,Address,IdCity) VALUES(5,'Thomas','Luyet',34337,'thomas.luyet','asdf535D','Chemin du milieu',5)

INSERT INTO Customer (IdCustomer,Firstname,Lastname,Address,Username,Password,Email,IdCity) VALUES(1,'Jean','Héritier','Route du Vieux Chemin','jean.her','dfsalkfad3049','jean-her@gmail.com',1)
INSERT INTO Customer (IdCustomer,Firstname,Lastname,Address,Username,Password,Email,IdCity) VALUES(2,'Michel','Debons','Route de l Eglise','mich4839','adsfkd43028','michel-mich4839@gmail.com',1)
INSERT INTO Customer (IdCustomer,Firstname,Lastname,Address,Username,Password,Email,IdCity) VALUES(3,'Rémy','Dufils','Rue du Moulin','Du58rem','adlkf394','rémy-rem@gmail.com',1)
INSERT INTO Customer (IdCustomer,Firstname,Lastname,Address,Username,Password,Email,IdCity) VALUES(4,'Pierre','Dujardin','Route du canal ','Pierre.Duj','adsfkdjsf3','pierre-Duj@gmail.com',2)
INSERT INTO Customer (IdCustomer,Firstname,Lastname,Address,Username,Password,Email,IdCity) VALUES(5,'Anne','Reynard','Avenue des Petits-Chasseurs','annrey43','das3443','anne-annrey43@gmail.com',2)
INSERT INTO Customer (IdCustomer,Firstname,Lastname,Address,Username,Password,Email,IdCity) VALUES(6,'Roger','Federer','Route de la Victoire','Goat105','fdfad4390','roger-Goat105@gmail.com',3)
INSERT INTO Customer (IdCustomer,Firstname,Lastname,Address,Username,Password,Email,IdCity) VALUES(7,'Benjamin','Keller','Chemin du bisse','biere200','adfasasdf3','benjamin-biere200@gmail.com',4)
INSERT INTO Restaurant (idResto,Name,Address,PicPath,IdCity) VALUES(1,'Les Brasseurs','Rue de Lausanne 27','lesbrasseurs.jpg',1)
INSERT INTO Restaurant (idResto,Name,Address,PicPath,IdCity) VALUES(2,'Chez Chou','Espace des remparts 25','chezchou.png',1)
INSERT INTO Restaurant (idResto,Name,Address,PicPath,IdCity) VALUES(3,'Pink Food Asia','Rue de la Plaine 19','pinkfoodasia.png',2)
INSERT INTO Restaurant (idResto,Name,Address,PicPath,IdCity) VALUES(4,'La Cordillère','Rue des Vorziers 7','lacordillere.png',3)
INSERT INTO Restaurant (idResto,Name,Address,PicPath,IdCity) VALUES(5,'Chavalard','Route du Chavalard 6','chavalard.png',4)
INSERT INTO Restaurant (idResto,Name,Address,PicPath,IdCity) VALUES(6,'Union','Rue de Saint-Germain 23','union.png',5)
INSERT INTO Restaurant (idResto,Name,Address,PicPath,IdCity) VALUES(7,'New Bisse','Route de Piotte 1','newbiss.png',5)
INSERT INTO Restaurant (idResto,Name,Address,PicPath,IdCity) VALUES(8,'La Coopérative','Rue du Châble 17','lacooperative.jpg',6)
INSERT INTO Dish (IdDish,Name,Price,PicPath,TimePrepa,IdResto) VALUES(1,'Tartare de Bœuf',30,'tartaredeboeuf.png',10,1)
INSERT INTO Dish (IdDish,Name,Price,PicPath,TimePrepa,IdResto) VALUES(2,'Tartare du Chef',36,'tartareduchef.png',10,1)
INSERT INTO Dish (IdDish,Name,Price,PicPath,TimePrepa,IdResto) VALUES(3,'Burger du Chef ',24,'burgerduchef.png',10,1)
INSERT INTO Dish (IdDish,Name,Price,PicPath,TimePrepa,IdResto) VALUES(4,'Poulet aigre-doux',18,'pouletaigredoux.png',15,2)
INSERT INTO Dish (IdDish,Name,Price,PicPath,TimePrepa,IdResto) VALUES(5,'Canard laqué',30,'canardlaque.png',20,2)
INSERT INTO Dish (IdDish,Name,Price,PicPath,TimePrepa,IdResto) VALUES(6,'Bœuf croustillant',22,'boeufcroustillant.png',15,3)
INSERT INTO Dish (IdDish,Name,Price,PicPath,TimePrepa,IdResto) VALUES(7,'Poulet croustillant',20,'pouletcroustillant.png',15,3)
INSERT INTO Dish (IdDish,Name,Price,PicPath,TimePrepa,IdResto) VALUES(8,'Riz cantonais',10,'rizcantonais.png',20,3)
INSERT INTO Dish (IdDish,Name,Price,PicPath,TimePrepa,IdResto) VALUES(9,'Steak de bœuf',35,'steakdeboeuf.png',13,4)
INSERT INTO Dish (IdDish,Name,Price,PicPath,TimePrepa,IdResto) VALUES(10,'Risotto',17,'risotto.png',30,4)
INSERT INTO Dish (IdDish,Name,Price,PicPath,TimePrepa,IdResto) VALUES(11,'Penne ',10,'penne.png',10,5)
INSERT INTO Dish (IdDish,Name,Price,PicPath,TimePrepa,IdResto) VALUES(12,'Brisolée',31,'brisolee.png',40,5)
INSERT INTO Dish (IdDish,Name,Price,PicPath,TimePrepa,IdResto) VALUES(13,'Tartare de Bœuf',37,'tartaredeboeuf.png',20,6)
INSERT INTO Dish (IdDish,Name,Price,PicPath,TimePrepa,IdResto) VALUES(14,'Spaghetti',15,'spaghetti.png',10,6)
INSERT INTO Dish (IdDish,Name,Price,PicPath,TimePrepa,IdResto) VALUES(15,'Margherita',15,'margherita.png',14,7)
INSERT INTO Dish (IdDish,Name,Price,PicPath,TimePrepa,IdResto) VALUES(16,'4 fromages',18,'4fromages.png',14,7)
INSERT INTO Dish (IdDish,Name,Price,PicPath,TimePrepa,IdResto) VALUES(17,'Hawai',18,'hawai.png',14,7)
INSERT INTO Dish (IdDish,Name,Price,PicPath,TimePrepa,IdResto) VALUES(18,'Calzone',20,'calzone.png',14,7)
INSERT INTO Dish (IdDish,Name,Price,PicPath,TimePrepa,IdResto) VALUES(19,'Risotto',20,'risotto.png',30,8)
INSERT INTO Dish (IdDish,Name,Price,PicPath,TimePrepa,IdResto) VALUES(20,'Roesti ',15,'roesti.png',25,8)

